Workbook

Sheet DATA
A1: STOK OPNAME PERSEDIAN BAHAN BAKU MARET
A3: NO | B3: KODE | C3: NAMA BARANG | D3: SATUAN | E3: HARGA BARANG | F3: STOK AWAL | G3: IN | H3: OUT | I3: IN | J3: OUT | K3: IN | L3: OUT | M3: IN | N3: OUT | O3: IN | P3: OUT | Q3: IN | R3: OUT | S3: IN | T3: OUT | U3: IN | V3: OUT | W3: IN | X3: OUT | Y3: SISA STOK | Z3: NILAI PERSEDIAAN AKHIR
B4: BARANG | G4: 46113 | H4: 46113 | I4: 46114 | J4: 46114 | K4: 46115 | L4: 46115 | M4: 46116 | N4: 46116 | O4: 46117 | P4: 46117 | Q4: 46118 | R4: 46118 | S4: 46119 | T4: 46119 | U4: 46120 | V4: 46120 | W4: 46121 | X4: 46121
B5: BB-001 | C5: BERAS 10kg | D5: Sak | E5: 178000 | F5: 6 | H5: 4 | K5: 0 | L5: 0 | Y5: =F5+G5-H5+I5-J5+K5-L5+M5-N5+O5-P5+Q5-R5+S5-T5+U5-V5+W5-X5 -> 2 | Z5: =E5*Y5 -> 356000
B6: BB-002 | C6: MINYAK GORENG | D6: pcs | E6: 32000 | F6: 14 | H6: 10 | Y6: =F6+G6-H6+I6-J6+K6-L6+M6-N6+O6-P6+Q6-R6+S6-T6+U6-V6+W6-X6 -> 4 | Z6: =E6*Y6 -> 128000
B7: BB-003 | C7: SEGITIGA BIRU | D7: pcs | E7: 14000 | F7: 9 | H7: 2 | Y7: =F7+G7-H7+I7-J7+K7-L7+M7-N7+O7-P7+Q7-R7+S7-T7+U7-V7+W7-X7 -> 7 | Z7: =E7*Y7 -> 98000
B8: BB-004 | C8: TEPUNG TAPIOKA | D8: pcs | E8: 11000 | F8: 14 | H8: 2 | Y8: =F8+G8-H8+I8-J8+K8-L8+M8-N8+O8-P8+Q8-R8+S8-T8+U8-V8+W8-X8 -> 12 | Z8: =E8*Y8 -> 132000
B9: BB-005 | C9: TEPUNG BERAS | D9: pcs | E9: 9000 | F9: 13 | Y9: =F9+G9-H9+I9-J9+K9-L9+M9-N9+O9-P9+Q9-R9+S9-T9+U9-V9+W9-X9 -> 13 | Z9: =E9*Y9 -> 117000
B10: BB-006 | C10: TEPUNG KOBE | D10: pcs | E10: 23000 | F10: 19 | Y10: =F10+G10-H10+I10-J10+K10-L10+M10-N10+O10-P10+Q10-R10+S10-T10+U10-V10+W10-X10 -> 19 | Z10: =E10*Y10 -> 437000
B11: BB-007 | C11: MASAKO | D11: pcs | E11: 34000 | F11: 12 | Y11: =F11+G11-H11+I11-J11+K11-L11+M11-N11+O11-P11+Q11-R11+S11-T11+U11-V11+W11-X11 -> 12 | Z11: =E11*Y11 -> 408000
B12: BB-008 | C12: AJINAMOTO | D12: pcs | E12: 46000 | F12: 7 | H12: 1 | Y12: =F12+G12-H12+I12-J12+K12-L12+M12-N12+O12-P12+Q12-R12+S12-T12+U12-V12+W12-X12 -> 6 | Z12: =E12*Y12 -> 276000
B13: BB-009 | C13: GARAM | D13: pcs | E13: 5000 | F13: 7 | G13: 20 | Y13: =F13+G13-H13+I13-J13+K13-L13+M13-N13+O13-P13+Q13-R13+S13-T13+U13-V13+W13-X13 -> 27 | Z13: =E13*Y13 -> 135000
B14: BB-010 | C14: MAIZENAKU | D14: pcs | E14: 25000 | F14: 2 | Y14: =F14+G14-H14+I14-J14+K14-L14+M14-N14+O14-P14+Q14-R14+S14-T14+U14-V14+W14-X14 -> 2 | Z14: =E14*Y14 -> 50000
B15: BB-011 | C15: MENTEGA BALOK | D15: pcs | E15: 11000 | F15: 9 | G15: 30 | H15: 3 | Y15: =F15+G15-H15+I15-J15+K15-L15+M15-N15+O15-P15+Q15-R15+S15-T15+U15-V15+W15-X15 -> 36 | Z15: =E15*Y15 -> 396000
B16: BB-012 | C16: BAWANG GORENG | D16: pcs | E16: 9000 | F16: 16 | H16: 3 | Y16: =F16+G16-H16+I16-J16+K16-L16+M16-N16+O16-P16+Q16-R16+S16-T16+U16-V16+W16-X16 -> 13 | Z16: =E16*Y16 -> 117000
B17: BB-013 | C17: TERASI UDANG | D17: pack | E17: 10000 | F17: 0 | G17: 5 | Y17: =F17+G17-H17+I17-J17+K17-L17+M17-N17+O17-P17+Q17-R17+S17-T17+U17-V17+W17-X17 -> 5 | Z17: =E17*Y17 -> 50000
B18: BB-014 | C18: PEWARNA PANGAN MERAH CABE | D18: pcs | E18: 5000 | F18: 4 | G18: 30 | Y18: =F18+G18-H18+I18-J18+K18-L18+M18-N18+O18-P18+Q18-R18+S18-T18+U18-V18+W18-X18 -> 34 | Z18: =E18*Y18 -> 170000
B19: BB-015 | C19: KERUPUK PESTA | D19: pcs | E19: 150000 | F19: 1 | Y19: =F19+G19-H19+I19-J19+K19-L19+M19-N19+O19-P19+Q19-R19+S19-T19+U19-V19+W19-X19 -> 1 | Z19: =E19*Y19 -> 150000
B20: BB-016 | C20: KERUPUK FINNA | D20: pcs | E20: 28000 | F20: 27 | H20: 2 | Y20: =F20+G20-H20+I20-J20+K20-L20+M20-N20+O20-P20+Q20-R20+S20-T20+U20-V20+W20-X20 -> 25 | Z20: =E20*Y20 -> 700000
B21: BB-017 | C21: MUSHROOM | D21: pcs | E21: 20000 | F21: 4 | H21: 1 | Y21: =F21+G21-H21+I21-J21+K21-L21+M21-N21+O21-P21+Q21-R21+S21-T21+U21-V21+W21-X21 -> 3 | Z21: =E21*Y21 -> 60000
B22: BB-018 | C22: HERCULES | D22: pcs | E22: 38000 | F22: 3 | Y22: =F22+G22-H22+I22-J22+K22-L22+M22-N22+O22-P22+Q22-R22+S22-T22+U22-V22+W22-X22 -> 3 | Z22: =E22*Y22 -> 114000
B23: BB-019 | C23: MADU TJ | D23: pcs | E23: 62000 | F23: 4 | Y23: =F23+G23-H23+I23-J23+K23-L23+M23-N23+O23-P23+Q23-R23+S23-T23+U23-V23+W23-X23 -> 4 | Z23: =E23*Y23 -> 248000
B24: BB-020 | C24: SODA KUE | D24: pcs | E24: 10000 | F24: 1 | Y24: =F24+G24-H24+I24-J24+K24-L24+M24-N24+O24-P24+Q24-R24+S24-T24+U24-V24+W24-X24 -> 1 | Z24: =E24*Y24 -> 10000
B25: BB-021 | C25: CUKA DAPUR | D25: botol | E25: 12000 | F25: 1 | Y25: =F25+G25-H25+I25-J25+K25-L25+M25-N25+O25-P25+Q25-R25+S25-T25+U25-V25+W25-X25 -> 1 | Z25: =E25*Y25 -> 12000
B26: BB-022 | C26: SAUS TIRAM CAP PANDA | D26: botol | E26: 91000 | F26: 12 | H26: 2 | Y26: =F26+G26-H26+I26-J26+K26-L26+M26-N26+O26-P26+Q26-R26+S26-T26+U26-V26+W26-X26 -> 10 | Z26: =E26*Y26 -> 910000
B27: BB-023 | C27: KECAP INGGRIS | D27: botol | E27: 52000 | F27: 5 | Y27: =F27+G27-H27+I27-J27+K27-L27+M27-N27+O27-P27+Q27-R27+S27-T27+U27-V27+W27-X27 -> 5 | Z27: =E27*Y27 -> 260000
B28: BB-024 | C28: ANCIU PENYEDAP MAKANAN | D28: botol | E28: 40000 | F28: 2 | Y28: =F28+G28-H28+I28-J28+K28-L28+M28-N28+O28-P28+Q28-R28+S28-T28+U28-V28+W28-X28 -> 2 | Z28: =E28*Y28 -> 80000
B29: BB-025 | C29: KECAP HITAM | D29: botol | E29: 0 | F29: 6 | Y29: =F29+G29-H29+I29-J29+K29-L29+M29-N29+O29-P29+Q29-R29+S29-T29+U29-V29+W29-X29 -> 6 | Z29: =E29*Y29 -> 0
B30: BB-026 | C30: MINYAK WIJEN | D30: botol | E30: 47000 | F30: 2 | G30: 24 | H30: 1 | Y30: =F30+G30-H30+I30-J30+K30-L30+M30-N30+O30-P30+Q30-R30+S30-T30+U30-V30+W30-X30 -> 25 | Z30: =E30*Y30 -> 1175000
B31: BB-027 | C31: KECAP IKAN FINNA | D31: botol | E31: 0 | F31: 5 | Y31: =F31+G31-H31+I31-J31+K31-L31+M31-N31+O31-P31+Q31-R31+S31-T31+U31-V31+W31-X31 -> 5 | Z31: =E31*Y31 -> 0
B32: BB-028 | C32: SAUS RAJA RASA | D32: botol | E32: 40000 | F32: 4 | Y32: =F32+G32-H32+I32-J32+K32-L32+M32-N32+O32-P32+Q32-R32+S32-T32+U32-V32+W32-X32 -> 4 | Z32: =E32*Y32 -> 160000
B33: BB-029 | C33: KECAP IKAN ROYAL | D33: botol | E33: 60000 | F33: 3 | Y33: =F33+G33-H33+I33-J33+K33-L33+M33-N33+O33-P33+Q33-R33+S33-T33+U33-V33+W33-X33 -> 3 | Z33: =E33*Y33 -> 180000
B34: BB-030 | C34: KECAP ASIN | D34: botol | E34: 0 | F34: 3 | Y34: =F34+G34-H34+I34-J34+K34-L34+M34-N34+O34-P34+Q34-R34+S34-T34+U34-V34+W34-X34 -> 3 | Z34: =E34*Y34 -> 0
B35: BB-031 | C35: KECAP BANGO | D35: pcs | E35: 15000 | F35: 3 | Y35: =F35+G35-H35+I35-J35+K35-L35+M35-N35+O35-P35+Q35-R35+S35-T35+U35-V35+W35-X35 -> 3 | Z35: =E35*Y35 -> 45000
B36: BB-032 | C36: SAUS ABC SAMBEL ASLI | D36: pcs | E36: 32900 | F36: 15 | Y36: =F36+G36-H36+I36-J36+K36-L36+M36-N36+O36-P36+Q36-R36+S36-T36+U36-V36+W36-X36 -> 15 | Z36: =E36*Y36 -> 493500
B37: BB-033 | C37: SAUS ABC TOMAT | D37: pcs | E37: 22000 | F37: 6 | Y37: =F37+G37-H37+I37-J37+K37-L37+M37-N37+O37-P37+Q37-R37+S37-T37+U37-V37+W37-X37 -> 6 | Z37: =E37*Y37 -> 132000
B38: BB-034 | C38: SANTAN KARA SUN | D38: pcs | E38: 18000 | F38: 6 | Y38: =F38+G38-H38+I38-J38+K38-L38+M38-N38+O38-P38+Q38-R38+S38-T38+U38-V38+W38-X38 -> 6 | Z38: =E38*Y38 -> 108000
B39: BB-035 | C39: SAUS TOMAT CAP BAGONG | D39: pcs | E39: 0 | F39: 11 | Y39: =F39+G39-H39+I39-J39+K39-L39+M39-N39+O39-P39+Q39-R39+S39-T39+U39-V39+W39-X39 -> 11 | Z39: =E39*Y39 -> 0
B40: BB-036 | C40: SUSU UHT | D40: pcs | E40: 19000 | F40: 0 | Y40: =F40+G40-H40+I40-J40+K40-L40+M40-N40+O40-P40+Q40-R40+S40-T40+U40-V40+W40-X40 -> 0 | Z40: =E40*Y40 -> 0
B41: BB-037 | C41: MAX CREAMER | D41: pcs | E41: 49000 | F41: 3 | H41: 1 | Y41: =F41+G41-H41+I41-J41+K41-L41+M41-N41+O41-P41+Q41-R41+S41-T41+U41-V41+W41-X41 -> 2 | Z41: =E41*Y41 -> 98000
B42: BB-038 | C42: SUSU EVAPORASI | D42: pcs | E42: 17000 | F42: 4 | H42: 1 | Y42: =F42+G42-H42+I42-J42+K42-L42+M42-N42+O42-P42+Q42-R42+S42-T42+U42-V42+W42-X42 -> 3 | Z42: =E42*Y42 -> 51000
B43: BB-039 | C43: MORING TOPPING COKLAT | D43: pcs | E43: 34000 | F43: 6 | Y43: =F43+G43-H43+I43-J43+K43-L43+M43-N43+O43-P43+Q43-R43+S43-T43+U43-V43+W43-X43 -> 6 | Z43: =E43*Y43 -> 204000
B44: BB-040 | C44: MORING TOPPING CARAMEL | D44: pcs | E44: 33000 | F44: 0 | Y44: =F44+G44-H44+I44-J44+K44-L44+M44-N44+O44-P44+Q44-R44+S44-T44+U44-V44+W44-X44 -> 0 | Z44: =E44*Y44 -> 0
B45: BB-041 | C45: MORING TOPPING STRAWBERY | D45: pcs | E45: 33000 | F45: 0 | Y45: =F45+G45-H45+I45-J45+K45-L45+M45-N45+O45-P45+Q45-R45+S45-T45+U45-V45+W45-X45 -> 0 | Z45: =E45*Y45 -> 0
B46: BB-042 | C46: MARJAN LECI | D46: botol | E46: 16000 | F46: 3 | Y46: =F46+G46-H46+I46-J46+K46-L46+M46-N46+O46-P46+Q46-R46+S46-T46+U46-V46+W46-X46 -> 3 | Z46: =E46*Y46 -> 48000
B47: BB-043 | C47: MARJAN VANILA | D47: botol | E47: 28000 | F47: 6 | H47: 1 | Y47: =F47+G47-H47+I47-J47+K47-L47+M47-N47+O47-P47+Q47-R47+S47-T47+U47-V47+W47-X47 -> 5 | Z47: =E47*Y47 -> 140000
B48: BB-044 | C48: ABC COCOPANDAN | D48: botol | E48: 0 | F48: 6 | Y48: =F48+G48-H48+I48-J48+K48-L48+M48-N48+O48-P48+Q48-R48+S48-T48+U48-V48+W48-X48 -> 6 | Z48: =E48*Y48 -> 0
B49: BB-045 | C49: DENALI VANILA | D49: botol | E49: 135000 | F49: 1 | Y49: =F49+G49-H49+I49-J49+K49-L49+M49-N49+O49-P49+Q49-R49+S49-T49+U49-V49+W49-X49 -> 1 | Z49: =E49*Y49 -> 135000
B50: BB-046 | C50: DENALI TIRAMISU | D50: botol | E50: 135000 | F50: 2 | Y50: =F50+G50-H50+I50-J50+K50-L50+M50-N50+O50-P50+Q50-R50+S50-T50+U50-V50+W50-X50 -> 2 | Z50: =E50*Y50 -> 270000
B51: BB-047 | C51: DENALI STRAWBERY | D51: botol | E51: 135000 | F51: 0 | Y51: =F51+G51-H51+I51-J51+K51-L51+M51-N51+O51-P51+Q51-R51+S51-T51+U51-V51+W51-X51 -> 0 | Z51: =E51*Y51 -> 0
B52: BB-048 | C52: DENALI GRENADINE | D52: botol | E52: 135000 | F52: 0 | Y52: =F52+G52-H52+I52-J52+K52-L52+M52-N52+O52-P52+Q52-R52+S52-T52+U52-V52+W52-X52 -> 0 | Z52: =E52*Y52 -> 0
B53: BB-049 | C53: TORANI MOJITO MINT | D53: botol | E53: 130000 | F53: 1 | Y53: =F53+G53-H53+I53-J53+K53-L53+M53-N53+O53-P53+Q53-R53+S53-T53+U53-V53+W53-X53 -> 1 | Z53: =E53*Y53 -> 130000
B54: BB-050 | C54: TORANI CARAMEL | D54: botol | E54: 130000 | F54: 1 | Y54: =F54+G54-H54+I54-J54+K54-L54+M54-N54+O54-P54+Q54-R54+S54-T54+U54-V54+W54-X54 -> 1 | Z54: =E54*Y54 -> 130000
B55: BB-051 | C55: TORANI GREAN APLLE | D55: botol | E55: 130000 | F55: 0 | Y55: =F55+G55-H55+I55-J55+K55-L55+M55-N55+O55-P55+Q55-R55+S55-T55+U55-V55+W55-X55 -> 0 | Z55: =E55*Y55 -> 0
B56: BB-052 | C56: TORANI HUZELNUT | D56: botol | E56: 130000 | F56: 0 | Y56: =F56+G56-H56+I56-J56+K56-L56+M56-N56+O56-P56+Q56-R56+S56-T56+U56-V56+W56-X56 -> 0 | Z56: =E56*Y56 -> 0
B57: BB-053 | C57: DRIP PANDAN | D57: botol | E57: 119000 | F57: 2 | Y57: =F57+G57-H57+I57-J57+K57-L57+M57-N57+O57-P57+Q57-R57+S57-T57+U57-V57+W57-X57 -> 2 | Z57: =E57*Y57 -> 238000
B58: BB-054 | C58: DRIP BUTTERSCUTH | D58: botol | E58: 119000 | F58: 0 | G58: 3 | H58: 1 | Y58: =F58+G58-H58+I58-J58+K58-L58+M58-N58+O58-P58+Q58-R58+S58-T58+U58-V58+W58-X58 -> 2 | Z58: =E58*Y58 -> 238000
B59: BB-055 | C59: DARK COCO POWDER | D59: pcs | E59: 315000 | F59: 0 | Y59: =F59+G59-H59+I59-J59+K59-L59+M59-N59+O59-P59+Q59-R59+S59-T59+U59-V59+W59-X59 -> 0 | Z59: =E59*Y59 -> 0
B60: BB-056 | C60: DENALI POWDER VANILLA | D60: pcs | E60: 178000 | F60: 1 | Y60: =F60+G60-H60+I60-J60+K60-L60+M60-N60+O60-P60+Q60-R60+S60-T60+U60-V60+W60-X60 -> 1 | Z60: =E60*Y60 -> 178000
B61: BB-057 | C61: DENALI POWDER TARO | D61: pcs | E61: 178000 | F61: 1 | Y61: =F61+G61-H61+I61-J61+K61-L61+M61-N61+O61-P61+Q61-R61+S61-T61+U61-V61+W61-X61 -> 1 | Z61: =E61*Y61 -> 178000
B62: BB-058 | C62: OREO CRUMBE | D62: pcs | E62: 92000 | F62: 0 | G62: 2 | Y62: =F62+G62-H62+I62-J62+K62-L62+M62-N62+O62-P62+Q62-R62+S62-T62+U62-V62+W62-X62 -> 2 | Z62: =E62*Y62 -> 184000
B63: BB-059 | C63: OREO ORIGINAL | D63: pack | E63: 27000 | F63: 0 | G63: 5 | Y63: =F63+G63-H63+I63-J63+K63-L63+M63-N63+O63-P63+Q63-R63+S63-T63+U63-V63+W63-X63 -> 5 | Z63: =E63*Y63 -> 135000
B64: BB-060 | C64: CHO CHO RATU COKLAT | D64: pcs | E64: 26000 | F64: 2 | Y64: =F64+G64-H64+I64-J64+K64-L64+M64-N64+O64-P64+Q64-R64+S64-T64+U64-V64+W64-X64 -> 2 | Z64: =E64*Y64 -> 52000
B65: BB-061 | C65: CHO CHO RATU STRAWBERY | D65: pcs | E65: 26000 | F65: 3 | Y65: =F65+G65-H65+I65-J65+K65-L65+M65-N65+O65-P65+Q65-R65+S65-T65+U65-V65+W65-X65 -> 3 | Z65: =E65*Y65 -> 78000
B66: BB-062 | C66: THE POCI | D66: pcs | E66: 4000 | F66: 29 | H66: 10 | Y66: =F66+G66-H66+I66-J66+K66-L66+M66-N66+O66-P66+Q66-R66+S66-T66+U66-V66+W66-X66 -> 19 | Z66: =E66*Y66 -> 76000
B67: BB-063 | C67: OUT MILK | D67: pcs | E67: 0 | F67: 0 | Y67: =F67+G67-H67+I67-J67+K67-L67+M67-N67+O67-P67+Q67-R67+S67-T67+U67-V67+W67-X67 -> 0 | Z67: =E67*Y67 -> 0
B68: BB-064 | C68: LYCHEES IN SIRUP | D68: pcs | E68: 31000 | F68: 3 | G68: 3 | Y68: =F68+G68-H68+I68-J68+K68-L68+M68-N68+O68-P68+Q68-R68+S68-T68+U68-V68+W68-X68 -> 6 | Z68: =E68*Y68 -> 186000
B69: BB-065 | C69: WIPPY CREAM | D69: pcs | E69: 0 | F69: 4 | Y69: =F69+G69-H69+I69-J69+K69-L69+M69-N69+O69-P69+Q69-R69+S69-T69+U69-V69+W69-X69 -> 4 | Z69: =E69*Y69 -> 0
B70: BB-066 | C70: KEJU PROCHIZ GOLD | D70: pcs | E70: 118000 | F70: 1 | H70: 1 | Y70: =F70+G70-H70+I70-J70+K70-L70+M70-N70+O70-P70+Q70-R70+S70-T70+U70-V70+W70-X70 -> 0 | Z70: =E70*Y70 -> 0
B71: BB-067 | C71: KEJU PROCHIZ SPREADY | D71: pcs | E71: 0 | F71: 0 | Y71: =F71+G71-H71+I71-J71+K71-L71+M71-N71+O71-P71+Q71-R71+S71-T71+U71-V71+W71-X71 -> 0 | Z71: =E71*Y71 -> 0
B72: BB-068 | C72: SIRUP GULA AREN | D72: pcs | E72: 60000 | F72: 5 | Y72: =F72+G72-H72+I72-J72+K72-L72+M72-N72+O72-P72+Q72-R72+S72-T72+U72-V72+W72-X72 -> 5 | Z72: =E72*Y72 -> 300000
B73: BB-069 | C73: SPRITE | D73: pcs | E73: 0 | F73: 2 | Y73: =F73+G73-H73+I73-J73+K73-L73+M73-N73+O73-P73+Q73-R73+S73-T73+U73-V73+W73-X73 -> 2 | Z73: =E73*Y73 -> 0
B74: BB-070 | C74: SUSU OMELA | D74: pcs | E74: 12000 | F74: 35 | H74: 4 | Y74: =F74+G74-H74+I74-J74+K74-L74+M74-N74+O74-P74+Q74-R74+S74-T74+U74-V74+W74-X74 -> 31 | Z74: =E74*Y74 -> 372000
B75: BB-071 | C75: SUSU COKLAT | D75: pcs | E75: 0 | F75: 4 | Y75: =F75+G75-H75+I75-J75+K75-L75+M75-N75+O75-P75+Q75-R75+S75-T75+U75-V75+W75-X75 -> 4 | Z75: =E75*Y75 -> 0
B76: BB-072 | C76: ES CREAM COKLAT | D76: pcs | E76: 0 | F76: 0 | Y76: =F76+G76-H76+I76-J76+K76-L76+M76-N76+O76-P76+Q76-R76+S76-T76+U76-V76+W76-X76 -> 0 | Z76: =E76*Y76 -> 0
B77: BB-073 | C77: ES CREAM VANILLA | D77: pcs | E77: 0 | F77: 0 | Y77: =F77+G77-H77+I77-J77+K77-L77+M77-N77+O77-P77+Q77-R77+S77-T77+U77-V77+W77-X77 -> 0 | Z77: =E77*Y77 -> 0
B78: BB-074 | C78: ES CREAM STRAWBERY | D78: pcs | E78: 0 | F78: 0 | Y78: =F78+G78-H78+I78-J78+K78-L78+M78-N78+O78-P78+Q78-R78+S78-T78+U78-V78+W78-X78 -> 0 | Z78: =E78*Y78 -> 0
B79: BB-075 | C79: GULA PASIR | D79: pcs | E79: 0 | F79: 0 | Y79: =F79+G79-H79+I79-J79+K79-L79+M79-N79+O79-P79+Q79-R79+S79-T79+U79-V79+W79-X79 -> 0 | Z79: =E79*Y79 -> 0
B80: BB-076 | C80: SUNLIGHT 5L | D80: pcs | E80: 0 | F80: 3 | H80: 1 | Y80: =F80+G80-H80+I80-J80+K80-L80+M80-N80+O80-P80+Q80-R80+S80-T80+U80-V80+W80-X80 -> 2 | Z80: =E80*Y80 -> 0
B81: BB-077 | C81: KENTANG | D81: pack | E81: 90000 | F81: 1 | Y81: =F81+G81-H81+I81-J81+K81-L81+M81-N81+O81-P81+Q81-R81+S81-T81+U81-V81+W81-X81 -> 1 | Z81: =E81*Y81 -> 90000
B82: BB-078 | C82: SINGKONG | D82: pcs | E82: 0 | F82: 28 | Y82: =F82+G82-H82+I82-J82+K82-L82+M82-N82+O82-P82+Q82-R82+S82-T82+U82-V82+W82-X82 -> 28 | Z82: =E82*Y82 -> 0
B83: BB-079 | C83: BAKSO IKAN | D83: pcs | E83: 43000 | F83: 7 | Y83: =F83+G83-H83+I83-J83+K83-L83+M83-N83+O83-P83+Q83-R83+S83-T83+U83-V83+W83-X83 -> 7 | Z83: =E83*Y83 -> 301000
B84: BB-080 | C84: BAKSO SAPI | D84: pcs | E84: 34000 | F84: 6 | Y84: =F84+G84-H84+I84-J84+K84-L84+M84-N84+O84-P84+Q84-R84+S84-T84+U84-V84+W84-X84 -> 6 | Z84: =E84*Y84 -> 204000
B85: BB-081 | C85: IKAN KAKAP XL | D85: pcs | E85: 0 | F85: 21 | H85: 3 | U85: 0 | V85: 0 | Y85: =F85+G85-H85+I85-J85+K85-L85+M85-N85+O85-P85+Q85-R85+S85-T85+U85-V85+W85-X85 -> 18 | Z85: =E85*Y85 -> 0
B86: BB-082 | C86: IKAN KAKAP L | D86: pcs | E86: 0 | F86: 48 | H86: 3 | U86: 0 | V86: 0 | Y86: =F86+G86-H86+I86-J86+K86-L86+M86-N86+O86-P86+Q86-R86+S86-T86+U86-V86+W86-X86 -> 45 | Z86: =E86*Y86 -> 0
B87: BB-083 | C87: IKAN KAKAP M | D87: pcs | E87: 0 | F87: 72 | H87: 5 | U87: 0 | Y87: =F87+G87-H87+I87-J87+K87-L87+M87-N87+O87-P87+Q87-R87+S87-T87+U87-V87+W87-X87 -> 67 | Z87: =E87*Y87 -> 0
B88: BB-084 | C88: IKAN MUBARA XL | D88: pcs | E88: 0 | F88: 0 | Y88: =F88+G88-H88+I88-J88+K88-L88+M88-N88+O88-P88+Q88-R88+S88-T88+U88-V88+W88-X88 -> 0 | Z88: =E88*Y88 -> 0
B89: BB-085 | C89: IKAN MUBARA L | D89: pcs | E89: 0 | F89: 24 | H89: 3 | U89: 0 | V89: 0 | Y89: =F89+G89-H89+I89-J89+K89-L89+M89-N89+O89-P89+Q89-R89+S89-T89+U89-V89+W89-X89 -> 21 | Z89: =E89*Y89 -> 0
B90: BB-086 | C90: IKAN MUBARA M | D90: pcs | E90: 0 | F90: 60 | H90: 3 | U90: 0 | Y90: =F90+G90-H90+I90-J90+K90-L90+M90-N90+O90-P90+Q90-R90+S90-T90+U90-V90+W90-X90 -> 57 | Z90: =E90*Y90 -> 0
B91: BB-087 | C91: IKAN MUBARA JUMBO | D91: pcs | E91: 0 | F91: 0 | Y91: =F91+G91-H91+I91-J91+K91-L91+M91-N91+O91-P91+Q91-R91+S91-T91+U91-V91+W91-X91 -> 0 | Z91: =E91*Y91 -> 0
B92: BB-088 | C92: IKAN KERAPU XL | D92: pcs | E92: 0 | F92: 4 | Y92: =F92+G92-H92+I92-J92+K92-L92+M92-N92+O92-P92+Q92-R92+S92-T92+U92-V92+W92-X92 -> 4 | Z92: =E92*Y92 -> 0
B93: BB-089 | C93: IKAN KERAPU L | D93: pcs | E93: 0 | F93: 38 | Y93: =F93+G93-H93+I93-J93+K93-L93+M93-N93+O93-P93+Q93-R93+S93-T93+U93-V93+W93-X93 -> 38 | Z93: =E93*Y93 -> 0
B94: BB-090 | C94: IKAN KERAPU M | D94: pcs | E94: 0 | F94: 65 | Y94: =F94+G94-H94+I94-J94+K94-L94+M94-N94+O94-P94+Q94-R94+S94-T94+U94-V94+W94-X94 -> 65 | Z94: =E94*Y94 -> 0
B95: BB-091 | C95: AYAM 0,9 KG | D95: pcs | E95: 49000 | F95: 20 | Y95: =F95+G95-H95+I95-J95+K95-L95+M95-N95+O95-P95+Q95-R95+S95-T95+U95-V95+W95-X95 -> 20 | Z95: =E95*Y95 -> 980000
B96: BB-092 | C96: AYAM 2 KG | D96: pcs | E96: 47000 | F96: 12 | Y96: =F96+G96-H96+I96-J96+K96-L96+M96-N96+O96-P96+Q96-R96+S96-T96+U96-V96+W96-X96 -> 12 | Z96: =E96*Y96 -> 564000
B97: BB-093 | C97: AYAM BLD | D97: pcs | E97: 0 | F97: 11 | Y97: =F97+G97-H97+I97-J97+K97-L97+M97-N97+O97-P97+Q97-R97+S97-T97+U97-V97+W97-X97 -> 11 | Z97: =E97*Y97 -> 0
B98: BB-094 | C98: AYAM BLP | D98: pcs | E98: 0 | F98: 0 | Y98: =F98+G98-H98+I98-J98+K98-L98+M98-N98+O98-P98+Q98-R98+S98-T98+U98-V98+W98-X98 -> 0 | Z98: =E98*Y98 -> 0
B99: BB-095 | C99: UDANG | D99: kg | E99: 120000 | F99: 0 | Y99: =F99+G99-H99+I99-J99+K99-L99+M99-N99+O99-P99+Q99-R99+S99-T99+U99-V99+W99-X99 -> 0 | Z99: =E99*Y99 -> 0
B100: BB-096 | C100: CUMI | D100: kg | E100: 120000 | F100: 0 | G100: 30 | Y100: =F100+G100-H100+I100-J100+K100-L100+M100-N100+O100-P100+Q100-R100+S100-T100+U100-V100+W100-X100 -> 30 | Z100: =E100*Y100 -> 3600000
B101: BB-097 | C101: RAHANG TUNA | D101: pcs | E101: 0 | F101: 21 | Y101: =F101+G101-H101+I101-J101+K101-L101+M101-N101+O101-P101+Q101-R101+S101-T101+U101-V101+W101-X101 -> 21 | Z101: =E101*Y101 -> 0
...

Sheet BARANG MASUK 
A1: BARANG MASUK
A3: TANGGAL | B3: KODE BARANG | C3: NAMA BARANG | D3: JUMLAH MASUK
B4: BB-002 | C4: =VLOOKUP(Table1[[#This Row],[KODE BARANG ]],DATA!B5:C78,2,FALSE) -> MINYAK GORENG | D4: 50
A5: 23/03/2026 | B5: BB-002 | C5: =VLOOKUP(Table1[[#This Row],[KODE BARANG ]],DATA!B6:C78,2,FALSE) -> MINYAK GORENG
B6: BB-003 | C6: =VLOOKUP(Table1[[#This Row],[KODE BARANG ]],DATA!B7:C79,2,FALSE) -> SEGITIGA BIRU | D6: 0
B7: BB-004 | C7: =VLOOKUP(Table1[[#This Row],[KODE BARANG ]],DATA!B8:C80,2,FALSE) -> TEPUNG TAPIOKA | D7: 0
B8: BB-005 | C8: =VLOOKUP(Table1[[#This Row],[KODE BARANG ]],DATA!B9:C81,2,FALSE) -> TEPUNG BERAS | D8: 0
B9: BB-006 | C9: =VLOOKUP(Table1[[#This Row],[KODE BARANG ]],DATA!B10:C82,2,FALSE) -> TEPUNG KOBE | D9: 0
B10: BB-007 | C10: =VLOOKUP(Table1[[#This Row],[KODE BARANG ]],DATA!B11:C83,2,FALSE) -> MASAKO | D10: 12
B11: BB-008 | C11: =VLOOKUP(Table1[[#This Row],[KODE BARANG ]],DATA!B12:C84,2,FALSE) -> AJINAMOTO | D11: 0
B12: BB-009 | C12: =VLOOKUP(Table1[[#This Row],[KODE BARANG ]],DATA!B13:C85,2,FALSE) -> GARAM | D12: 0
B13: BB-010 | C13: =VLOOKUP(Table1[[#This Row],[KODE BARANG ]],DATA!B14:C87,2,FALSE) -> MAIZENAKU
B14: BB-011 | C14: =VLOOKUP(Table1[[#This Row],[KODE BARANG ]],DATA!B15:C88,2,FALSE) -> MENTEGA BALOK
B15: BB-012 | C15: =VLOOKUP(Table1[[#This Row],[KODE BARANG ]],DATA!B16:C89,2,FALSE) -> BAWANG GORENG
B16: BB-013 | C16: =VLOOKUP(Table1[[#This Row],[KODE BARANG ]],DATA!B17:C90,2,FALSE) -> TERASI UDANG
B17: BB-014 | C17: =VLOOKUP(Table1[[#This Row],[KODE BARANG ]],DATA!B18:C91,2,FALSE) -> PEWARNA PANGAN MERAH CABE
B18: BB-015 | C18: =VLOOKUP(Table1[[#This Row],[KODE BARANG ]],DATA!B19:C92,2,FALSE) -> KERUPUK PESTA
B19: BB-016 | C19: =VLOOKUP(Table1[[#This Row],[KODE BARANG ]],DATA!B20:C93,2,FALSE) -> KERUPUK FINNA
B20: BB-017 | C20: =VLOOKUP(Table1[[#This Row],[KODE BARANG ]],DATA!B21:C94,2,FALSE) -> MUSHROOM
B21: BB-018 | C21: =VLOOKUP(Table1[[#This Row],[KODE BARANG ]],DATA!B22:C95,2,FALSE) -> HERCULES
B22: BB-019 | C22: =VLOOKUP(Table1[[#This Row],[KODE BARANG ]],DATA!B23:C96,2,FALSE) -> MADU TJ
B23: BB-020 | C23: =VLOOKUP(Table1[[#This Row],[KODE BARANG ]],DATA!B24:C97,2,FALSE) -> SODA KUE
B24: BB-021 | C24: =VLOOKUP(Table1[[#This Row],[KODE BARANG ]],DATA!B25:C98,2,FALSE) -> CUKA DAPUR
B25: BB-022 | C25: =VLOOKUP(Table1[[#This Row],[KODE BARANG ]],DATA!B26:C99,2,FALSE) -> SAUS TIRAM CAP PANDA | D25: 6
B26: BB-023 | C26: =VLOOKUP(Table1[[#This Row],[KODE BARANG ]],DATA!B27:C100,2,FALSE) -> KECAP INGGRIS
B27: BB-024 | C27: =VLOOKUP(Table1[[#This Row],[KODE BARANG ]],DATA!B28:C101,2,FALSE) -> ANCIU PENYEDAP MAKANAN
B28: BB-025 | C28: =VLOOKUP(Table1[[#This Row],[KODE BARANG ]],DATA!B29:C102,2,FALSE) -> KECAP HITAM
B29: BB-026 | C29: =VLOOKUP(Table1[[#This Row],[KODE BARANG ]],DATA!B30:C103,2,FALSE) -> MINYAK WIJEN
B30: BB-027 | C30: =VLOOKUP(Table1[[#This Row],[KODE BARANG ]],DATA!B31:C104,2,FALSE) -> KECAP IKAN FINNA
B31: BB-028 | C31: =VLOOKUP(Table1[[#This Row],[KODE BARANG ]],DATA!B32:C105,2,FALSE) -> SAUS RAJA RASA
B32: BB-029 | C32: =VLOOKUP(Table1[[#This Row],[KODE BARANG ]],DATA!B33:C106,2,FALSE) -> KECAP IKAN ROYAL
B33: BB-030 | C33: =VLOOKUP(Table1[[#This Row],[KODE BARANG ]],DATA!B34:C106,2,FALSE) -> KECAP ASIN
B34: BB-031 | C34: =VLOOKUP(Table1[[#This Row],[KODE BARANG ]],DATA!B35:C107,2,FALSE) -> KECAP BANGO
B35: BB-032 | C35: =VLOOKUP(Table1[[#This Row],[KODE BARANG ]],DATA!B36:C108,2,FALSE) -> SAUS ABC SAMBEL ASLI
B36: BB-033 | C36: =VLOOKUP(Table1[[#This Row],[KODE BARANG ]],DATA!B37:C109,2,FALSE) -> SAUS ABC TOMAT
B37: BB-034 | C37: =VLOOKUP(Table1[[#This Row],[KODE BARANG ]],DATA!B38:C110,2,FALSE) -> SANTAN KARA SUN
B38: BB-035 | C38: =VLOOKUP(Table1[[#This Row],[KODE BARANG ]],DATA!B39:C111,2,FALSE) -> SAUS TOMAT CAP BAGONG
A39: 23/03/2026 | B39: BB-036 | C39: =VLOOKUP(Table1[[#This Row],[KODE BARANG ]],DATA!B40:C112,2,FALSE) -> SUSU UHT
A40: 23/03/2026 | B40: BB-037 | C40: =VLOOKUP(Table1[[#This Row],[KODE BARANG ]],DATA!B41:C113,2,FALSE) -> MAX CREAMER
B41: BB-038 | C41: =VLOOKUP(Table1[[#This Row],[KODE BARANG ]],DATA!B42:C114,2,FALSE) -> SUSU EVAPORASI
A42: 23/03/2026 | B42: BB-039 | C42: =VLOOKUP(Table1[[#This Row],[KODE BARANG ]],DATA!B43:C115,2,FALSE) -> MORING TOPPING COKLAT
B43: BB-040 | C43: =VLOOKUP(Table1[[#This Row],[KODE BARANG ]],DATA!B44:C116,2,FALSE) -> MORING TOPPING CARAMEL
B44: BB-041 | C44: =VLOOKUP(Table1[[#This Row],[KODE BARANG ]],DATA!B45:C117,2,FALSE) -> MORING TOPPING STRAWBERY
B45: BB-042 | C45: =VLOOKUP(Table1[[#This Row],[KODE BARANG ]],DATA!B46:C118,2,FALSE) -> MARJAN LECI
B46: BB-043 | C46: =VLOOKUP(Table1[[#This Row],[KODE BARANG ]],DATA!B47:C119,2,FALSE) -> MARJAN VANILA
B47: BB-044 | C47: =VLOOKUP(Table1[[#This Row],[KODE BARANG ]],DATA!B48:C120,2,FALSE) -> ABC COCOPANDAN
B48: BB-045 | C48: =VLOOKUP(Table1[[#This Row],[KODE BARANG ]],DATA!B49:C121,2,FALSE) -> DENALI VANILA
B49: BB-046 | C49: =VLOOKUP(Table1[[#This Row],[KODE BARANG ]],DATA!B50:C122,2,FALSE) -> DENALI TIRAMISU
B50: BB-047 | C50: =VLOOKUP(Table1[[#This Row],[KODE BARANG ]],DATA!B51:C123,2,FALSE) -> DENALI STRAWBERY
B51: BB-048 | C51: =VLOOKUP(Table1[[#This Row],[KODE BARANG ]],DATA!B52:C124,2,FALSE) -> DENALI GRENADINE
B52: BB-049 | C52: =VLOOKUP(Table1[[#This Row],[KODE BARANG ]],DATA!B53:C125,2,FALSE) -> TORANI MOJITO MINT
B53: BB-050 | C53: =VLOOKUP(Table1[[#This Row],[KODE BARANG ]],DATA!B54:C126,2,FALSE) -> TORANI CARAMEL
B54: BB-051 | C54: =VLOOKUP(Table1[[#This Row],[KODE BARANG ]],DATA!B55:C127,2,FALSE) -> TORANI GREAN APLLE
... B64: BB-061 | C64: =VLOOKUP(Table1[[#This Row],[KODE BARANG ]],DATA!B65:C137,2,FALSE) -> CHO CHO RATU STRAWBERY
B65: BB-062 | C65: =VLOOKUP(Table1[[#This Row],[KODE BARANG ]],DATA!B66:C138,2,FALSE) -> THE POCI | D65: 30
B66: BB-063 | C66: =VLOOKUP(Table1[[#This Row],[KODE BARANG ]],DATA!B67:C139,2,FALSE) -> OUT MILK
B67: BB-064 | C67: =VLOOKUP(Table1[[#This Row],[KODE BARANG ]],DATA!B68:C140,2,FALSE) -> LYCHEES IN SIRUP
B68: BB-065 | C68: =VLOOKUP(Table1[[#This Row],[KODE BARANG ]],DATA!B69:C141,2,FALSE) -> WIPPY CREAM
B69: BB-066 | C69: =VLOOKUP(Table1[[#This Row],[KODE BARANG ]],DATA!B70:C142,2,FALSE) -> KEJU PROCHIZ GOLD | D69: 1
B70: BB-067 | C70: =VLOOKUP(Table1[[#This Row],[KODE BARANG ]],DATA!B71:C143,2,FALSE) -> KEJU PROCHIZ SPREADY
B71: BB-068 | C71: =VLOOKUP(Table1[[#This Row],[KODE BARANG ]],DATA!B72:C144,2,FALSE) -> SIRUP GULA AREN
B72: BB-069 | C72: =VLOOKUP(Table1[[#This Row],[KODE BARANG ]],DATA!B73:C145,2,FALSE) -> SPRITE
B73: BB-070 | C73: =VLOOKUP(Table1[[#This Row],[KODE BARANG ]],DATA!B74:C146,2,FALSE) -> SUSU OMELA | D73: 48
B74: BB-071 | C74: =VLOOKUP(Table1[[#This Row],[KODE BARANG ]],DATA!B75:C147,2,FALSE) -> SUSU COKLAT | D74: 3
B75: BB-072 | C75: =VLOOKUP(Table1[[#This Row],[KODE BARANG ]],DATA!B76:C148,2,FALSE) -> ES CREAM COKLAT
B76: BB-073 | C76: =VLOOKUP(Table1[[#This Row],[KODE BARANG ]],DATA!B77:C149,2,FALSE) -> ES CREAM VANILLA
B77: BB-074 | C77: =VLOOKUP(Table1[[#This Row],[KODE BARANG ]],DATA!B78:C150,2,FALSE) -> ES CREAM STRAWBERY
B78: BB-075 | C78: =VLOOKUP(Table1[[#This Row],[KODE BARANG ]],DATA!B79:C151,2,FALSE) -> GULA PASIR
B79: BB-076 | C79: =VLOOKUP(Table1[[#This Row],[KODE BARANG ]],DATA!B80:C152,2,FALSE) -> SUNLIGHT 5L
B80: BB-077 | C80: =VLOOKUP(Table1[[#This Row],[KODE BARANG ]],DATA!B81:C153,2,FALSE) -> KENTANG | D80: 5
B81: BB-078 | C81: =VLOOKUP(Table1[[#This Row],[KODE BARANG ]],DATA!B82:C154,2,FALSE) -> SINGKONG
B82: BB-079 | C82: =VLOOKUP(Table1[[#This Row],[KODE BARANG ]],DATA!B83:C155,2,FALSE) -> BAKSO IKAN
B83: BB-080 | C83: =VLOOKUP(Table1[[#This Row],[KODE BARANG ]],DATA!B84:C156,2,FALSE) -> BAKSO SAPI
B84: BB-081 | C84: =VLOOKUP(Table1[[#This Row],[KODE BARANG ]],DATA!B85:C157,2,FALSE) -> IKAN KAKAP XL
B85: BB-082 | C85: =VLOOKUP(Table1[[#This Row],[KODE BARANG ]],DATA!B86:C158,2,FALSE) -> IKAN KAKAP L
B86: BB-083 | C86: =VLOOKUP(Table1[[#This Row],[KODE BARANG ]],DATA!B87:C159,2,FALSE) -> IKAN KAKAP M
B87: BB-084 | C87: =VLOOKUP(Table1[[#This Row],[KODE BARANG ]],DATA!B88:C160,2,FALSE) -> IKAN MUBARA XL
B88: BB-085 | C88: =VLOOKUP(Table1[[#This Row],[KODE BARANG ]],DATA!B89:C161,2,FALSE) -> IKAN MUBARA L
B89: BB-086 | C89: =VLOOKUP(Table1[[#This Row],[KODE BARANG ]],DATA!B90:C162,2,FALSE) -> IKAN MUBARA M
B90: BB-087 | C90: =VLOOKUP(Table1[[#This Row],[KODE BARANG ]],DATA!B91:C163,2,FALSE) -> IKAN MUBARA JUMBO
B91: BB-088 | C91: =VLOOKUP(Table1[[#This Row],[KODE BARANG ]],DATA!B92:C164,2,FALSE) -> IKAN KERAPU XL
B92: BB-089 | C92: =VLOOKUP(Table1[[#This Row],[KODE BARANG ]],DATA!B93:C165,2,FALSE) -> IKAN KERAPU L
... B105: BB-102 | C105: =VLOOKUP(Table1[[#This Row],[KODE BARANG ]],DATA!B106:C178,2,FALSE) -> KANTONG SAMPAH BESAR

Sheet Sheet1
A1: LAPORAN STOK BARANG HARIAN
D2: 23 OKTOBER 2026
A3: NO | B3: KODE BARANG | C3: NAMA BARANG | D3: HARGA BARANG | E3: STOK AWAL | F3: MASUK | G3: KELUAR | H3: SISA STOK | I3: NILAI PERSEDIAAN AKHIR
B4: BB-001 | C4: =VLOOKUP(Table14[[#This Row],[KODE BARANG ]],DATA!B5:C78,2,FALSE) -> BERAS 10kg | D4: 0 | F4: 0 | G4: 2
A5: 23/03/2026 | B5: BB-002 | C5: =VLOOKUP(Table14[[#This Row],[KODE BARANG ]],DATA!B6:C78,2,FALSE) -> MINYAK GORENG | D5: 41000
B6: BB-003 | C6: =VLOOKUP(Table14[[#This Row],[KODE BARANG ]],DATA!B7:C79,2,FALSE) -> SEGITIGA BIRU | D6: 14000 | F6: 0 | G6: 1
B7: BB-004 | C7: =VLOOKUP(Table14[[#This Row],[KODE BARANG ]],DATA!B8:C80,2,FALSE) -> TEPUNG TAPIOKA | D7: 11000 | F7: 0
B8: BB-005 | C8: =VLOOKUP(Table14[[#This Row],[KODE BARANG ]],DATA!B9:C81,2,FALSE) -> TEPUNG BERAS | D8: 9000 | F8: 0 | G8: 1
B9: BB-006 | C9: =VLOOKUP(Table14[[#This Row],[KODE BARANG ]],DATA!B10:C82,2,FALSE) -> TEPUNG KOBE | D9: 23000 | F9: 0
B10: BB-007 | C10: =VLOOKUP(Table14[[#This Row],[KODE BARANG ]],DATA!B11:C83,2,FALSE) -> MASAKO | D10: 34000 | F10: 12 | G10: 1
B11: BB-008 | C11: =VLOOKUP(Table14[[#This Row],[KODE BARANG ]],DATA!B12:C84,2,FALSE) -> AJINAMOTO | D11: 46000 | F11: 0 | G11: 1
B12: BB-009 | C12: =VLOOKUP(Table14[[#This Row],[KODE BARANG ]],DATA!B13:C85,2,FALSE) -> GARAM | D12: 0 | F12: 0 | G12: 1
B13: BB-010 | C13: =VLOOKUP(Table14[[#This Row],[KODE BARANG ]],DATA!B14:C87,2,FALSE) -> MAIZENAKU | D13: 25000
B14: BB-011 | C14: =VLOOKUP(Table14[[#This Row],[KODE BARANG ]],DATA!B15:C88,2,FALSE) -> MENTEGA BALOK | D14: 0
B15: BB-012 | C15: =VLOOKUP(Table14[[#This Row],[KODE BARANG ]],DATA!B16:C89,2,FALSE) -> BAWANG GORENG | D15: 9000
B16: BB-013 | C16: =VLOOKUP(Table14[[#This Row],[KODE BARANG ]],DATA!B17:C90,2,FALSE) -> TERASI UDANG | D16: 10000 | G16: 1
B17: BB-014 | C17: =VLOOKUP(Table14[[#This Row],[KODE BARANG ]],DATA!B18:C91,2,FALSE) -> PEWARNA PANGAN MERAH CABE | D17: 0
B18: BB-015 | C18: =VLOOKUP(Table14[[#This Row],[KODE BARANG ]],DATA!B19:C92,2,FALSE) -> KERUPUK PESTA | D18: 0
B19: BB-016 | C19: =VLOOKUP(Table14[[#This Row],[KODE BARANG ]],DATA!B20:C93,2,FALSE) -> KERUPUK FINNA | D19: 0
B20: BB-017 | C20: =VLOOKUP(Table14[[#This Row],[KODE BARANG ]],DATA!B21:C94,2,FALSE) -> MUSHROOM | D20: 20000
B21: BB-018 | C21: =VLOOKUP(Table14[[#This Row],[KODE BARANG ]],DATA!B22:C95,2,FALSE) -> HERCULES | D21: 38000 | G21: 1
B22: BB-019 | C22: =VLOOKUP(Table14[[#This Row],[KODE BARANG ]],DATA!B23:C96,2,FALSE) -> MADU TJ | D22: 62000 | G22: 2
B23: BB-020 | C23: =VLOOKUP(Table14[[#This Row],[KODE BARANG ]],DATA!B24:C97,2,FALSE) -> SODA KUE | D23: 0 | G23: 1
B24: BB-021 | C24: =VLOOKUP(Table14[[#This Row],[KODE BARANG ]],DATA!B25:C98,2,FALSE) -> CUKA DAPUR | D24: 12000
B25: BB-022 | C25: =VLOOKUP(Table14[[#This Row],[KODE BARANG ]],DATA!B26:C99,2,FALSE) -> SAUS TIRAM CAP PANDA | D25: 91000 | F25: 6 | G25: 3
B26: BB-023 | C26: =VLOOKUP(Table14[[#This Row],[KODE BARANG ]],DATA!B27:C100,2,FALSE) -> KECAP INGGRIS | D26: 52000
B27: BB-024 | C27: =VLOOKUP(Table14[[#This Row],[KODE BARANG ]],DATA!B28:C101,2,FALSE) -> ANCIU PENYEDAP MAKANAN | D27: 0
B28: BB-025 | C28: =VLOOKUP(Table14[[#This Row],[KODE BARANG ]],DATA!B29:C102,2,FALSE) -> KECAP HITAM | D28: 0
B29: BB-026 | C29: =VLOOKUP(Table14[[#This Row],[KODE BARANG ]],DATA!B30:C103,2,FALSE) -> MINYAK WIJEN | D29: 47000 | G29: 2
B30: BB-027 | C30: =VLOOKUP(Table14[[#This Row],[KODE BARANG ]],DATA!B31:C104,2,FALSE) -> KECAP IKAN FINNA | D30: 0
B31: BB-028 | C31: =VLOOKUP(Table14[[#This Row],[KODE BARANG ]],DATA!B32:C105,2,FALSE) -> SAUS RAJA RASA | D31: 0
B32: BB-029 | C32: =VLOOKUP(Table14[[#This Row],[KODE BARANG ]],DATA!B33:C106,2,FALSE) -> KECAP IKAN ROYAL | D32: 0
B33: BB-030 | C33: =VLOOKUP(Table14[[#This Row],[KODE BARANG ]],DATA!B34:C106,2,FALSE) -> KECAP ASIN | D33: 0
B34: BB-031 | C34: =VLOOKUP(Table14[[#This Row],[KODE BARANG ]],DATA!B35:C107,2,FALSE) -> KECAP BANGO | D34: 0 | G34: 1
B35: BB-032 | C35: =VLOOKUP(Table14[[#This Row],[KODE BARANG ]],DATA!B36:C108,2,FALSE) -> SAUS ABC SAMBEL ASLI | D35: 0
B36: BB-033 | C36: =VLOOKUP(Table14[[#This Row],[KODE BARANG ]],DATA!B37:C109,2,FALSE) -> SAUS ABC TOMAT | D36: 20000
B37: BB-034 | C37: =VLOOKUP(Table14[[#This Row],[KODE BARANG ]],DATA!B38:C110,2,FALSE) -> SANTAN KARA SUN | D37: 18000
B38: BB-035 | C38: =VLOOKUP(Table14[[#This Row],[KODE BARANG ]],DATA!B39:C111,2,FALSE) -> SAUS TOMAT CAP BAGONG | D38: 0
A39: 23/03/2026 | B39: BB-036 | C39: =VLOOKUP(Table14[[#This Row],[KODE BARANG ]],DATA!B40:C112,2,FALSE) -> SUSU UHT | D39: 19000 | G39: 12
A40: 23/03/2026 | B40: BB-037 | C40: =VLOOKUP(Table14[[#This Row],[KODE BARANG ]],DATA!B41:C113,2,FALSE) -> MAX CREAMER | D40: 49000 | G40: 1
B41: BB-038 | C41: =VLOOKUP(Table14[[#This Row],[KODE BARANG ]],DATA!B42:C114,2,FALSE) -> SUSU EVAPORASI | D41: 0 | G41: 1
A42: 23/03/2026 | B42: BB-039 | C42: =VLOOKUP(Table14[[#This Row],[KODE BARANG ]],DATA!B43:C115,2,FALSE) -> MORING TOPPING COKLAT | D42: 34000 | G42: 2
B43: BB-040 | C43: =VLOOKUP(Table14[[#This Row],[KODE BARANG ]],DATA!B44:C116,2,FALSE) -> MORING TOPPING CARAMEL | D43: 33000
B44: BB-041 | C44: =VLOOKUP(Table14[[#This Row],[KODE BARANG ]],DATA!B45:C117,2,FALSE) -> MORING TOPPING STRAWBERY | D44: 33000
B45: BB-042 | C45: =VLOOKUP(Table14[[#This Row],[KODE BARANG ]],DATA!B46:C118,2,FALSE) -> MARJAN LECI | D45: 0
B46: BB-043 | C46: =VLOOKUP(Table14[[#This Row],[KODE BARANG ]],DATA!B47:C119,2,FALSE) -> MARJAN VANILA | D46: 0
B47: BB-044 | C47: =VLOOKUP(Table14[[#This Row],[KODE BARANG ]],DATA!B48:C120,2,FALSE) -> ABC COCOPANDAN | D47: 0
B48: BB-045 | C48: =VLOOKUP(Table14[[#This Row],[KODE BARANG ]],DATA!B49:C121,2,FALSE) -> DENALI VANILA | D48: 135000
B49: BB-046 | C49: =VLOOKUP(Table14[[#This Row],[KODE BARANG ]],DATA!B50:C122,2,FALSE) -> DENALI TIRAMISU | D49: 135000
B50: BB-047 | C50: =VLOOKUP(Table14[[#This Row],[KODE BARANG ]],DATA!B51:C123,2,FALSE) -> DENALI STRAWBERY | D50: 135000
B51: BB-048 | C51: =VLOOKUP(Table14[[#This Row],[KODE BARANG ]],DATA!B52:C124,2,FALSE) -> DENALI GRENADINE | D51: 135000
B52: BB-049 | C52: =VLOOKUP(Table14[[#This Row],[KODE BARANG ]],DATA!B53:C125,2,FALSE) -> TORANI MOJITO MINT | D52: 130000
B53: BB-050 | C53: =VLOOKUP(Table14[[#This Row],[KODE BARANG ]],DATA!B54:C126,2,FALSE) -> TORANI CARAMEL | D53: 130000
B54: BB-051 | C54: =VLOOKUP(Table14[[#This Row],[KODE BARANG ]],DATA!B55:C127,2,FALSE) -> TORANI GREAN APLLE | D54: 130000
... B56: BB-053 | C56: =VLOOKUP(Table14[[#This Row],[KODE BARANG ]],DATA!B57:C129,2,FALSE) -> DRIP PANDAN | D56: 119000
B57: BB-054 | C57: =VLOOKUP(Table14[[#This Row],[KODE BARANG ]],DATA!B58:C130,2,FALSE) -> DRIP BUTTERSCUTH | D57: 119000 | G57: 1
B58: BB-055 | C58: =VLOOKUP(Table14[[#This Row],[KODE BARANG ]],DATA!B59:C131,2,FALSE) -> DARK COCO POWDER | D58: 0
B59: BB-056 | C59: =VLOOKUP(Table14[[#This Row],[KODE BARANG ]],DATA!B60:C132,2,FALSE) -> DENALI POWDER VANILLA | D59: 178000
B60: BB-057 | C60: =VLOOKUP(Table14[[#This Row],[KODE BARANG ]],DATA!B61:C133,2,FALSE) -> DENALI POWDER TARO | D60: 178000
B61: BB-058 | C61: =VLOOKUP(Table14[[#This Row],[KODE BARANG ]],DATA!B62:C134,2,FALSE) -> OREO CRUMBE | D61: 0
B62: BB-059 | C62: =VLOOKUP(Table14[[#This Row],[KODE BARANG ]],DATA!B63:C135,2,FALSE) -> OREO ORIGINAL | D62: 0
B63: BB-060 | C63: =VLOOKUP(Table14[[#This Row],[KODE BARANG ]],DATA!B64:C136,2,FALSE) -> CHO CHO RATU COKLAT | D63: 26000
B64: BB-061 | C64: =VLOOKUP(Table14[[#This Row],[KODE BARANG ]],DATA!B65:C137,2,FALSE) -> CHO CHO RATU STRAWBERY | D64: 26000
B65: BB-062 | C65: =VLOOKUP(Table14[[#This Row],[KODE BARANG ]],DATA!B66:C138,2,FALSE) -> THE POCI | D65: 4000 | F65: 30
B66: BB-063 | C66: =VLOOKUP(Table14[[#This Row],[KODE BARANG ]],DATA!B67:C139,2,FALSE) -> OUT MILK | D66: 0
B67: BB-064 | C67: =VLOOKUP(Table14[[#This Row],[KODE BARANG ]],DATA!B68:C140,2,FALSE) -> LYCHEES IN SIRUP | D67: 0
B68: BB-065 | C68: =VLOOKUP(Table14[[#This Row],[KODE BARANG ]],DATA!B69:C141,2,FALSE) -> WIPPY CREAM | D68: 0
B69: BB-066 | C69: =VLOOKUP(Table14[[#This Row],[KODE BARANG ]],DATA!B70:C142,2,FALSE) -> KEJU PROCHIZ GOLD | D69: 118000 | F69: 1
B70: BB-067 | C70: =VLOOKUP(Table14[[#This Row],[KODE BARANG ]],DATA!B71:C143,2,FALSE) -> KEJU PROCHIZ SPREADY | D70: 0
B71: BB-068 | C71: =VLOOKUP(Table14[[#This Row],[KODE BARANG ]],DATA!B72:C144,2,FALSE) -> SIRUP GULA AREN | D71: 56000 | G71: 1
B72: BB-069 | C72: =VLOOKUP(Table14[[#This Row],[KODE BARANG ]],DATA!B73:C145,2,FALSE) -> SPRITE | D72: 0 | G72: 2
B73: BB-070 | C73: =VLOOKUP(Table14[[#This Row],[KODE BARANG ]],DATA!B74:C146,2,FALSE) -> SUSU OMELA | D73: 12000 | F73: 48 | G73: 2
B74: BB-071 | C74: =VLOOKUP(Table14[[#This Row],[KODE BARANG ]],DATA!B75:C147,2,FALSE) -> SUSU COKLAT | D74: 0 | F74: 3 | G74: 1
B75: BB-072 | C75: =VLOOKUP(Table14[[#This Row],[KODE BARANG ]],DATA!B76:C148,2,FALSE) -> ES CREAM COKLAT | D75: 0
B76: BB-073 | C76: =VLOOKUP(Table14[[#This Row],[KODE BARANG ]],DATA!B77:C149,2,FALSE) -> ES CREAM VANILLA | D76: 0
B77: BB-074 | C77: =VLOOKUP(Table14[[#This Row],[KODE BARANG ]],DATA!B78:C150,2,FALSE) -> ES CREAM STRAWBERY | D77: 0
B78: BB-075 | C78: =VLOOKUP(Table14[[#This Row],[KODE BARANG ]],DATA!B79:C151,2,FALSE) -> GULA PASIR | D78: 0
B79: BB-076 | C79: =VLOOKUP(Table14[[#This Row],[KODE BARANG ]],DATA!B80:C152,2,FALSE) -> SUNLIGHT 5L | D79: 0
B80: BB-077 | C80: =VLOOKUP(Table14[[#This Row],[KODE BARANG ]],DATA!B81:C153,2,FALSE) -> KENTANG | D80: 90000 | F80: 5
B81: BB-078 | C81: =VLOOKUP(Table14[[#This Row],[KODE BARANG ]],DATA!B82:C154,2,FALSE) -> SINGKONG | D81: 0
B82: BB-079 | C82: =VLOOKUP(Table14[[#This Row],[KODE BARANG ]],DATA!B83:C155,2,FALSE) -> BAKSO IKAN | D82: 43000
B83: BB-080 | C83: =VLOOKUP(Table14[[#This Row],[KODE BARANG ]],DATA!B84:C156,2,FALSE) -> BAKSO SAPI | D83: 0
B84: BB-081 | C84: =VLOOKUP(Table14[[#This Row],[KODE BARANG ]],DATA!B85:C157,2,FALSE) -> IKAN KAKAP XL | D84: 0
B85: BB-082 | C85: =VLOOKUP(Table14[[#This Row],[KODE BARANG ]],DATA!B86:C158,2,FALSE) -> IKAN KAKAP L | D85: 0
B86: BB-083 | C86: =VLOOKUP(Table14[[#This Row],[KODE BARANG ]],DATA!B87:C159,2,FALSE) -> IKAN KAKAP M | D86: 0
B87: BB-084 | C87: =VLOOKUP(Table14[[#This Row],[KODE BARANG ]],DATA!B88:C160,2,FALSE) -> IKAN MUBARA XL | D87: 0
B88: BB-085 | C88: =VLOOKUP(Table14[[#This Row],[KODE BARANG ]],DATA!B89:C161,2,FALSE) -> IKAN MUBARA L | D88: 0
B89: BB-086 | C89: =VLOOKUP(Table14[[#This Row],[KODE BARANG ]],DATA!B90:C162,2,FALSE) -> IKAN MUBARA M | D89: 0
B90: BB-087 | C90: =VLOOKUP(Table14[[#This Row],[KODE BARANG ]],DATA!B91:C163,2,FALSE) -> IKAN MUBARA JUMBO | D90: 0
B91: BB-088 | C91: =VLOOKUP(Table14[[#This Row],[KODE BARANG ]],DATA!B92:C164,2,FALSE) -> IKAN KERAPU XL | D91: 0
B92: BB-089 | C92: =VLOOKUP(Table14[[#This Row],[KODE BARANG ]],DATA!B93:C165,2,FALSE) -> IKAN KERAPU L | D92: 0
... B101: BB-098 | C101: =VLOOKUP(Table14[[#This Row],[KODE BARANG ]],DATA!B102:C174,2,FALSE) -> DADA TUNA | D101: 70000
B102: BB-099 | C102: =VLOOKUP(Table14[[#This Row],[KODE BARANG ]],DATA!B103:C175,2,FALSE) -> WIPOL | D102: 172000 | G102: 2
B103: BB-100 | C103: =VLOOKUP(Table14[[#This Row],[KODE BARANG ]],DATA!B104:C176,2,FALSE) -> CLING | D103: 0
B104: BB-101 | C104: =VLOOKUP(Table14[[#This Row],[KODE BARANG ]],DATA!B105:C177,2,FALSE) -> KANTONG SAMPAH JUMBO | D104: 0
B105: BB-102 | C105: =VLOOKUP(Table14[[#This Row],[KODE BARANG ]],DATA!B106:C178,2,FALSE) -> KANTONG SAMPAH BESAR | D105: 0

Sheet BARANG KELUAR
A1: BARANG KELUAR
A3: TANGGAL | B3: KODE BARANG | C3: NAMA BARANG | D3: JUMLAH BARANG
A4: 23/03/2026 | B4: BB-001 | C4: =VLOOKUP(Table2[[#This Row],[KODE BARANG ]],DATA!B5:C78,2,FALSE) -> BERAS 10kg | D4: 2
A5: 23/03/2026 | B5: BB-002 | C5: =VLOOKUP(Table2[[#This Row],[KODE BARANG ]],DATA!B6:C78,2,FALSE) -> MINYAK GORENG
A6: 23/03/2026 | B6: BB-003 | C6: =VLOOKUP(Table2[[#This Row],[KODE BARANG ]],DATA!B7:C79,2,FALSE) -> SEGITIGA BIRU | D6: 1
B7: BB-004 | C7: =VLOOKUP(Table2[[#This Row],[KODE BARANG ]],DATA!B8:C80,2,FALSE) -> TEPUNG TAPIOKA
B8: BB-005 | C8: =VLOOKUP(Table2[[#This Row],[KODE BARANG ]],DATA!B9:C81,2,FALSE) -> TEPUNG BERAS | D8: 1
B9: BB-006 | C9: =VLOOKUP(Table2[[#This Row],[KODE BARANG ]],DATA!B10:C82,2,FALSE) -> TEPUNG KOBE
B10: BB-007 | C10: =VLOOKUP(Table2[[#This Row],[KODE BARANG ]],DATA!B11:C83,2,FALSE) -> MASAKO | D10: 1
A11: 23/03/2026 | B11: BB-008 | C11: =VLOOKUP(Table2[[#This Row],[KODE BARANG ]],DATA!B12:C84,2,FALSE) -> AJINAMOTO | D11: 1
B12: BB-009 | C12: =VLOOKUP(Table2[[#This Row],[KODE BARANG ]],DATA!B13:C85,2,FALSE) -> GARAM | D12: 1
B13: BB-010 | C13: =VLOOKUP(Table2[[#This Row],[KODE BARANG ]],DATA!B14:C86,2,FALSE) -> MAIZENAKU
A14: 23/03/2026 | B14: BB-011 | C14: =VLOOKUP(Table2[[#This Row],[KODE BARANG ]],DATA!B15:C87,2,FALSE) -> MENTEGA BALOK
A15: 23/03/2026 | B15: BB-012 | C15: =VLOOKUP(Table2[[#This Row],[KODE BARANG ]],DATA!B16:C88,2,FALSE) -> BAWANG GORENG
B16: BB-013 | C16: =VLOOKUP(Table2[[#This Row],[KODE BARANG ]],DATA!B17:C89,2,FALSE) -> TERASI UDANG | D16: 1
B17: BB-014 | C17: =VLOOKUP(Table2[[#This Row],[KODE BARANG ]],DATA!B18:C90,2,FALSE) -> PEWARNA PANGAN MERAH CABE
B18: BB-015 | C18: =VLOOKUP(Table2[[#This Row],[KODE BARANG ]],DATA!B19:C91,2,FALSE) -> KERUPUK PESTA
B19: BB-016 | C19: =VLOOKUP(Table2[[#This Row],[KODE BARANG ]],DATA!B20:C92,2,FALSE) -> KERUPUK FINNA
B20: BB-017 | C20: =VLOOKUP(Table2[[#This Row],[KODE BARANG ]],DATA!B21:C93,2,FALSE) -> MUSHROOM
B21: BB-018 | C21: =VLOOKUP(Table2[[#This Row],[KODE BARANG ]],DATA!B22:C94,2,FALSE) -> HERCULES | D21: 1
B22: BB-019 | C22: =VLOOKUP(Table2[[#This Row],[KODE BARANG ]],DATA!B23:C95,2,FALSE) -> MADU TJ | D22: 2
B23: BB-020 | C23: =VLOOKUP(Table2[[#This Row],[KODE BARANG ]],DATA!B24:C96,2,FALSE) -> SODA KUE | D23: 1
B24: BB-021 | C24: =VLOOKUP(Table2[[#This Row],[KODE BARANG ]],DATA!B25:C97,2,FALSE) -> CUKA DAPUR
B25: BB-022 | C25: =VLOOKUP(Table2[[#This Row],[KODE BARANG ]],DATA!B26:C98,2,FALSE) -> SAUS TIRAM CAP PANDA | D25: 3
B26: BB-023 | C26: =VLOOKUP(Table2[[#This Row],[KODE BARANG ]],DATA!B27:C99,2,FALSE) -> KECAP INGGRIS
B27: BB-024 | C27: =VLOOKUP(Table2[[#This Row],[KODE BARANG ]],DATA!B28:C100,2,FALSE) -> ANCIU PENYEDAP MAKANAN
B28: BB-025 | C28: =VLOOKUP(Table2[[#This Row],[KODE BARANG ]],DATA!B29:C101,2,FALSE) -> KECAP HITAM
B29: BB-026 | C29: =VLOOKUP(Table2[[#This Row],[KODE BARANG ]],DATA!B30:C102,2,FALSE) -> MINYAK WIJEN | D29: 2
B30: BB-027 | C30: =VLOOKUP(Table2[[#This Row],[KODE BARANG ]],DATA!B31:C103,2,FALSE) -> KECAP IKAN FINNA
B31: BB-028 | C31: =VLOOKUP(Table2[[#This Row],[KODE BARANG ]],DATA!B32:C104,2,FALSE) -> SAUS RAJA RASA
B32: BB-029 | C32: =VLOOKUP(Table2[[#This Row],[KODE BARANG ]],DATA!B33:C105,2,FALSE) -> KECAP IKAN ROYAL
A33: 23/03/2026 | B33: BB-030 | C33: =VLOOKUP(Table2[[#This Row],[KODE BARANG ]],DATA!B34:C106,2,FALSE) -> KECAP ASIN
B34: BB-031 | C34: =VLOOKUP(Table2[[#This Row],[KODE BARANG ]],DATA!B35:C106,2,FALSE) -> KECAP BANGO | D34: 1
B35: BB-032 | C35: =VLOOKUP(Table2[[#This Row],[KODE BARANG ]],DATA!B36:C107,2,FALSE) -> SAUS ABC SAMBEL ASLI
B36: BB-033 | C36: =VLOOKUP(Table2[[#This Row],[KODE BARANG ]],DATA!B37:C108,2,FALSE) -> SAUS ABC TOMAT
B37: BB-034 | C37: =VLOOKUP(Table2[[#This Row],[KODE BARANG ]],DATA!B38:C109,2,FALSE) -> SANTAN KARA SUN
B38: BB-035 | C38: =VLOOKUP(Table2[[#This Row],[KODE BARANG ]],DATA!B39:C110,2,FALSE) -> SAUS TOMAT CAP BAGONG
A39: 23/03/2026 | B39: BB-036 | C39: =VLOOKUP(Table2[[#This Row],[KODE BARANG ]],DATA!B40:C111,2,FALSE) -> SUSU UHT | D39: 12
B40: BB-037 | C40: =VLOOKUP(Table2[[#This Row],[KODE BARANG ]],DATA!B41:C112,2,FALSE) -> MAX CREAMER | D40: 1
B41: BB-038 | C41: =VLOOKUP(Table2[[#This Row],[KODE BARANG ]],DATA!B42:C113,2,FALSE) -> SUSU EVAPORASI | D41: 1
B42: BB-039 | C42: =VLOOKUP(Table2[[#This Row],[KODE BARANG ]],DATA!B43:C114,2,FALSE) -> MORING TOPPING COKLAT | D42: 2
B43: BB-040 | C43: =VLOOKUP(Table2[[#This Row],[KODE BARANG ]],DATA!B44:C115,2,FALSE) -> MORING TOPPING CARAMEL
B44: BB-041 | C44: =VLOOKUP(Table2[[#This Row],[KODE BARANG ]],DATA!B45:C116,2,FALSE) -> MORING TOPPING STRAWBERY
B45: BB-042 | C45: =VLOOKUP(Table2[[#This Row],[KODE BARANG ]],DATA!B46:C117,2,FALSE) -> MARJAN LECI
B46: BB-043 | C46: =VLOOKUP(Table2[[#This Row],[KODE BARANG ]],DATA!B47:C118,2,FALSE) -> MARJAN VANILA
B47: BB-044 | C47: =VLOOKUP(Table2[[#This Row],[KODE BARANG ]],DATA!B48:C119,2,FALSE) -> ABC COCOPANDAN
B48: BB-045 | C48: =VLOOKUP(Table2[[#This Row],[KODE BARANG ]],DATA!B49:C120,2,FALSE) -> DENALI VANILA
B49: BB-046 | C49: =VLOOKUP(Table2[[#This Row],[KODE BARANG ]],DATA!B50:C121,2,FALSE) -> DENALI TIRAMISU
B50: BB-047 | C50: =VLOOKUP(Table2[[#This Row],[KODE BARANG ]],DATA!B51:C122,2,FALSE) -> DENALI STRAWBERY
B51: BB-048 | C51: =VLOOKUP(Table2[[#This Row],[KODE BARANG ]],DATA!B52:C123,2,FALSE) -> DENALI GRENADINE
B52: BB-049 | C52: =VLOOKUP(Table2[[#This Row],[KODE BARANG ]],DATA!B53:C124,2,FALSE) -> TORANI MOJITO MINT
B53: BB-050 | C53: =VLOOKUP(Table2[[#This Row],[KODE BARANG ]],DATA!B54:C125,2,FALSE) -> TORANI CARAMEL
B54: BB-051 | C54: =VLOOKUP(Table2[[#This Row],[KODE BARANG ]],DATA!B55:C126,2,FALSE) -> TORANI GREAN APLLE
... B56: BB-053 | C56: =VLOOKUP(Table2[[#This Row],[KODE BARANG ]],DATA!B57:C128,2,FALSE) -> DRIP PANDAN
B57: BB-054 | C57: =VLOOKUP(Table2[[#This Row],[KODE BARANG ]],DATA!B58:C129,2,FALSE) -> DRIP BUTTERSCUTH | D57: 1
B58: BB-055 | C58: =VLOOKUP(Table2[[#This Row],[KODE BARANG ]],DATA!B59:C130,2,FALSE) -> DARK COCO POWDER
B59: BB-056 | C59: =VLOOKUP(Table2[[#This Row],[KODE BARANG ]],DATA!B60:C131,2,FALSE) -> DENALI POWDER VANILLA
B60: BB-057 | C60: =VLOOKUP(Table2[[#This Row],[KODE BARANG ]],DATA!B61:C132,2,FALSE) -> DENALI POWDER TARO
B61: BB-058 | C61: =VLOOKUP(Table2[[#This Row],[KODE BARANG ]],DATA!B62:C133,2,FALSE) -> OREO CRUMBE
B62: BB-059 | C62: =VLOOKUP(Table2[[#This Row],[KODE BARANG ]],DATA!B63:C134,2,FALSE) -> OREO ORIGINAL
B63: BB-060 | C63: =VLOOKUP(Table2[[#This Row],[KODE BARANG ]],DATA!B64:C135,2,FALSE) -> CHO CHO RATU COKLAT
B64: BB-061 | C64: =VLOOKUP(Table2[[#This Row],[KODE BARANG ]],DATA!B65:C136,2,FALSE) -> CHO CHO RATU STRAWBERY
A65: 23/03/2026 | B65: BB-062 | C65: =VLOOKUP(Table2[[#This Row],[KODE BARANG ]],DATA!B66:C137,2,FALSE) -> THE POCI
B66: BB-063 | C66: =VLOOKUP(Table2[[#This Row],[KODE BARANG ]],DATA!B67:C138,2,FALSE) -> OUT MILK
A67: 23/03/2026 | B67: BB-064 | C67: =VLOOKUP(Table2[[#This Row],[KODE BARANG ]],DATA!B68:C139,2,FALSE) -> LYCHEES IN SIRUP
B68: BB-065 | C68: =VLOOKUP(Table2[[#This Row],[KODE BARANG ]],DATA!B69:C140,2,FALSE) -> WIPPY CREAM
B69: BB-066 | C69: =VLOOKUP(Table2[[#This Row],[KODE BARANG ]],DATA!B70:C141,2,FALSE) -> KEJU PROCHIZ GOLD
B70: BB-067 | C70: =VLOOKUP(Table2[[#This Row],[KODE BARANG ]],DATA!B71:C142,2,FALSE) -> KEJU PROCHIZ SPREADY
B71: BB-068 | C71: =VLOOKUP(Table2[[#This Row],[KODE BARANG ]],DATA!B72:C143,2,FALSE) -> SIRUP GULA AREN | D71: 1
A72: 23/03/2026 | B72: BB-069 | C72: =VLOOKUP(Table2[[#This Row],[KODE BARANG ]],DATA!B73:C144,2,FALSE) -> SPRITE | D72: 2
A73: 23/03/2026 | B73: BB-070 | C73: =VLOOKUP(Table2[[#This Row],[KODE BARANG ]],DATA!B74:C145,2,FALSE) -> SUSU OMELA | D73: 2
B74: BB-071 | C74: =VLOOKUP(Table2[[#This Row],[KODE BARANG ]],DATA!B75:C146,2,FALSE) -> SUSU COKLAT | D74: 1
B75: BB-072 | C75: =VLOOKUP(Table2[[#This Row],[KODE BARANG ]],DATA!B76:C147,2,FALSE) -> ES CREAM COKLAT
B76: BB-073 | C76: =VLOOKUP(Table2[[#This Row],[KODE BARANG ]],DATA!B77:C148,2,FALSE) -> ES CREAM VANILLA
B77: BB-074 | C77: =VLOOKUP(Table2[[#This Row],[KODE BARANG ]],DATA!B78:C149,2,FALSE) -> ES CREAM STRAWBERY
B78: BB-075 | C78: =VLOOKUP(Table2[[#This Row],[KODE BARANG ]],DATA!B79:C150,2,FALSE) -> GULA PASIR
A79: 23/03/2026 | B79: BB-076 | C79: =VLOOKUP(Table2[[#This Row],[KODE BARANG ]],DATA!B80:C151,2,FALSE) -> SUNLIGHT 5L
B80: BB-077 | C80: =VLOOKUP(Table2[[#This Row],[KODE BARANG ]],DATA!B81:C152,2,FALSE) -> KENTANG
B81: BB-078 | C81: =VLOOKUP(Table2[[#This Row],[KODE BARANG ]],DATA!B82:C154,2,FALSE) -> SINGKONG
A82: 23/03/2026 | B82: BB-079 | C82: =VLOOKUP(Table2[[#This Row],[KODE BARANG ]],DATA!B83:C155,2,FALSE) -> BAKSO IKAN
B83: BB-080 | C83: =VLOOKUP(Table2[[#This Row],[KODE BARANG ]],DATA!B84:C156,2,FALSE) -> BAKSO SAPI
B84: BB-081 | C84: =VLOOKUP(Table2[[#This Row],[KODE BARANG ]],DATA!B85:C157,2,FALSE) -> IKAN KAKAP XL
B85: BB-082 | C85: =VLOOKUP(Table2[[#This Row],[KODE BARANG ]],DATA!B86:C158,2,FALSE) -> IKAN KAKAP L
B86: BB-083 | C86: =VLOOKUP(Table2[[#This Row],[KODE BARANG ]],DATA!B87:C159,2,FALSE) -> IKAN KAKAP M
A87: 23/03/2026 | B87: BB-084 | C87: =VLOOKUP(Table2[[#This Row],[KODE BARANG ]],DATA!B88:C160,2,FALSE) -> IKAN MUBARA XL
B88: BB-085 | C88: =VLOOKUP(Table2[[#This Row],[KODE BARANG ]],DATA!B89:C161,2,FALSE) -> IKAN MUBARA L
B89: BB-086 | C89: =VLOOKUP(Table2[[#This Row],[KODE BARANG ]],DATA!B90:C162,2,FALSE) -> IKAN MUBARA M
B90: BB-087 | C90: =VLOOKUP(Table2[[#This Row],[KODE BARANG ]],DATA!B91:C163,2,FALSE) -> IKAN MUBARA JUMBO
B91: BB-088 | C91: =VLOOKUP(Table2[[#This Row],[KODE BARANG ]],DATA!B92:C164,2,FALSE) -> IKAN KERAPU XL
B92: BB-089 | C92: =VLOOKUP(Table2[[#This Row],[KODE BARANG ]],DATA!B93:C165,2,FALSE) -> IKAN KERAPU L
A93: 23/03/2026 | B93: BB-090 | C93: =VLOOKUP(Table2[[#This Row],[KODE BARANG ]],DATA!B94:C166,2,FALSE) -> IKAN KERAPU M
B94: BB-091 | C94: =VLOOKUP(Table2[[#This Row],[KODE BARANG ]],DATA!B95:C167,2,FALSE) -> AYAM 0,9 KG
B95: BB-092 | C95: =VLOOKUP(Table2[[#This Row],[KODE BARANG ]],DATA!B96:C168,2,FALSE) -> AYAM 2 KG
B96: BB-093 | C96: =VLOOKUP(Table2[[#This Row],[KODE BARANG ]],DATA!B97:C169,2,FALSE) -> AYAM BLD
B97: BB-094 | C97: =VLOOKUP(Table2[[#This Row],[KODE BARANG ]],DATA!B98:C170,2,FALSE) -> AYAM BLP
B98: BB-095 | C98: =VLOOKUP(Table2[[#This Row],[KODE BARANG ]],DATA!B99:C171,2,FALSE) -> UDANG
B99: BB-096 | C99: =VLOOKUP(Table2[[#This Row],[KODE BARANG ]],DATA!B100:C172,2,FALSE) -> CUMI
B100: BB-097 | C100: =VLOOKUP(Table2[[#This Row],[KODE BARANG ]],DATA!B101:C173,2,FALSE) -> RAHANG TUNA
B101: BB-098 | C101: =VLOOKUP(Table2[[#This Row],[KODE BARANG ]],DATA!B102:C174,2,FALSE) -> DADA TUNA
B102: BB-099 | C102: =VLOOKUP(Table2[[#This Row],[KODE BARANG ]],DATA!B103:C175,2,FALSE) -> WIPOL | D102: 2
...
